{
    "delta_B1": -1.2006058236369672e-32,
    "omega_B1": 1.0,
    "e1q_B1": 0.9997233652050725,
    "e1d_B1": 0.028714951277009165,
    "v_c_B1": 1.0,
    "xi_v_B1": 1001595.7166566232,
    "x_gov_1_B1": 0.025006250351602057,
    "x_gov_2_B1": 0.025006250351602057,
    "xi_imw_B1": -1500.0000000000002,
    "xi_freq": 15000.250062503517,
    "V_B1": 1.0,
    "theta_B1": -0.04244845312682465,
    "V_B2": 0.9999843739989088,
    "theta_B2": -0.04494849479673389,
    "V_B3": 0.9999718730222272,
    "theta_B3": -0.049948734405305034,
    "i_d_B1": 0.001248234301033776,
    "i_q_B1": 0.024969522849573187,
    "p_g_B1": 0.025,
    "q_g_B1": 0.00018751054806269722,
    "v_f_B1": 1.0015957166566232,
    "p_m_ref_B1": 0.025006250351602057,
    "p_m_B1": 0.025006250351602057,
    "omega_coi": 1.0,
    "p_agc": 1500.025006250352
}